"y","x1","x2"
0.0602682432235286,0.399759893983256,0.108714038797554
4.64383719286993,1.37121828778387,1.75421401297581
1.1231567464314,-0.677175503332255,-0.732024851648231
0.218929596814139,-0.753948436919884,-0.257149088384233
0.207655394728522,-0.288444493890539,-0.397957891071575
4.35636907748206,1.65467473230084,1.32785326194566
0.0585612154086003,0.0632423120857794,0.765429613553152
2.90337680311334,-0.940359918666926,-1.46501310466567
0.180398324715935,0.390265801962381,0.174613808559244
2.5907497746753,-0.648439780460258,-2.04385527069686
0.283922067160253,-0.246721704955978,-0.532191952943053
3.24480671965848,-0.721568836847569,-2.27585046610617
-3.27642703380811,1.41327466461988,-1.17984396472156
-0.172842591369954,-0.295940263877191,0.122583413463264
-0.249358595448772,0.021249865381548,-2.68932056642414
-0.96339117455742,-1.27417621256255,0.354842877037404
0.197526164567175,0.10617012180409,0.853201692683098
3.6115903692034,2.23245285131023,0.812510464198855
2.53485225684499,-2.22061761378671,-0.558853599597273
3.07341255015653,-1.69433523309931,-0.874840118272073
-0.608885104949552,-0.780332231381155,0.485803204165978
-0.222813830371997,0.779135429087409,-0.126229379062683
-0.886412680939797,-0.362936072591321,1.42461829528685
-0.121866201883525,0.0188236904841461,0.360451483022819
-0.417196469791342,0.839503130233621,-0.118531400780681
-0.250435468914127,0.255337607613555,-0.63315499930811
-0.0321353504729841,0.189279358260007,-0.0765684693296844
0.0891560577213172,-0.291963924015652,0.161652756805673
-1.12256600955158,-1.71164267261066,0.343821579714799
-0.92527813506142,0.364375414472979,-1.26323226937453
-1.02808164936398,0.417141876002732,-1.10495403057361
-0.132966364825058,0.136111620636323,-0.41289814991308
0.0147313511489011,-1.65564152920945,0.0310670518708758
6.72446773991983,1.92162578688054,1.74373797042046
3.0160524611531,1.0876910254071,1.37291940621349
3.11128262888231,-0.883988992682018,-1.85956478632707
-1.73689220768868,0.758144930510381,-1.16889915169275
-0.48631235802972,-0.408954482385393,0.710587570928308
0.254054708132167,0.0843971603731568,2.22298137326186
6.42472096135512,1.59609852515301,2.01573565106409
1.01845754168759,-2.4358260805328,-0.208445676750966
0.196230843701357,-0.898315391426288,-0.0889327693117042
-4.32553986001141,0.984353206169203,-2.17220384246946
1.11398043868174,1.31460770166273,0.403634535850976
0.734245878692621,-0.857083312952922,-0.510916181359715
-1.711356994297,0.447379406115238,-1.86618002081159
2.02078853063231,-1.22567709882608,-0.819489103327215
11.6565293030828,-2.21775883418365,-2.63679596041869
-1.53201613386112,1.94732200813179,-0.383842542910152
0.179586329254588,-0.153778920497863,-0.146498067136605
-0.969773803193111,1.63443681715706,-0.267963875272395
0.145568772274778,1.29076980992386,0.0798999187756176
-0.160790886282054,-0.02288101421876,-0.911745094676373
0.799032334322647,-1.3002546447681,-0.279544085085782
0.2182308798404,-0.332024239412904,-0.224597740209579
1.94272352387179,-0.47446675237414,-2.13648304993342
0.0571098517181314,-0.369577792995109,0.281870288367315
1.42802135981321,0.675124574924613,0.874009467906515
-2.45510691633098,1.25317140124028,-0.915450606383566
0.274187074809784,-0.256510524324016,-0.508903496879001
1.26654699903811,-1.84628766703572,-0.339542585475793
2.31388801173697,1.3875302057121,0.843022213507532
1.98959595035315,-1.39988990170511,-0.751239523975047
0.406936843732573,1.08057522942384,0.245858956431358
1.33681206286865,-1.71156991152394,-0.372449468163503
-2.56641899566707,1.66633928865788,-0.775106445125129
1.67698165116255,-0.742865890830264,-1.11300927293059
-4.84782722161479,2.04368034536042,-1.24679707462844
-0.12141033455042,0.599290051034588,0.0612720903136254
0.168895003935586,0.896401486473813,0.0961793876392955
-0.72803904370852,1.43560082571566,-0.27434380355628
0.203908313923147,-0.166500411945928,-0.500762753886919
3.67209622699697,-1.12771004943948,-1.54152577457108
-0.390633140464292,-0.40823520122392,0.388010908705013
-0.8755571897962,0.592105254043506,-0.657460684997862
1.01244465630207,-0.742663173034538,-0.78548630306671
2.54624919147897,0.838543685024997,1.38955008964912
0.197438898430139,-0.220769579553714,-0.385367021402635
-0.837362751856065,0.438101704155849,-0.834613116117976
-2.66327372761154,2.11699153320201,-0.623439189424753
2.46346915139084,-0.677304587859803,-1.69201959901959
0.121821929866879,-0.642376509800989,-0.0246410120853126
2.09933534342388,-1.01718280887538,-1.17170164469812
0.42942370287298,-0.121970859354096,-1.50918784895239
1.57943844485449,-1.33451895518236,-0.608993856294135
4.89311161711626,-1.38453417834328,-1.76976458740947
-0.504312507160719,1.1869338892434,-0.229449072084831
4.95016533634823,-1.37284711540257,-1.83996417226693
0.921796748375781,-0.852386716313445,-0.468143765251543
3.70408469728791,-1.04992531223977,-1.80946808703212
-0.660640803582327,0.595500542918377,-0.590874130000606
1.47421322330219,1.04307256570018,0.654338032611147
0.0119513868309443,0.258335954963213,0.302733672967074
-1.67356081416131,0.548290125749184,-1.58784312624765
2.30521603824171,0.533449147059905,1.99959531485473
1.10927059100483,-0.285747710692286,-1.70091941881003
1.05208435147203,-0.273600007746113,-1.8737303025983
-0.527706788083717,0.478847031230717,-0.707480395301689
0.0269854992484609,0.218794735318049,0.317937968458088
6.12318502625061,-1.63199828615889,-1.85055190489947
0.547019649336226,0.614033291489349,0.409152080997143
0.188992200865092,1.19543621524032,0.094991199229824
3.08539246002296,-0.85591329784995,-1.75260441444547
1.78340817603105,0.914239979441395,0.909563531604768
1.24160977430249,-0.681900954960168,-0.881887787515492
3.0578909202213,-2.09285346972875,-0.725275848027976
-0.256579769780092,0.426850557561451,-0.173963088218695
-1.79200176910098,0.508058636792058,-1.81646216306779
-0.778460310583932,-0.4793106696158,0.780829669369281
-0.536061099912342,-1.46816832129144,0.213249606556096
-0.00264538029923591,0.364651815729243,0.0702427412564558
5.66859360991064,2.45876771194136,1.18232417761308
4.15903693828312,1.45646645553533,1.43589247427938
-0.460878335775349,0.6627568334575,-0.313337232363192
-0.0810470476467308,0.124640850976372,-0.76060702228671
-1.92667703914801,-1.13731683937813,0.876071085888194
1.95855325589846,1.05648197931978,0.909934298527788
-1.26232903143963,0.80636673639813,-0.688629274857217
0.438227719590513,0.629137081967778,0.406656270495316
8.11596127678156,-2.38898774381071,-1.71211876122625
0.185195700223142,-0.30165217040812,-0.19605920607304
0.37414913623849,0.10455511106818,2.08911224458885
0.955323194567584,1.13663523870745,0.420256435045795
0.818737013900958,-0.741818332919641,-0.667371326902635
-1.03034654489261,-0.322873389389488,1.41812236311338
3.32332444048472,1.61285377534567,0.985995576951447
3.31510814302339,1.22444464489731,1.36524624488025
0.153201045906499,-0.196646723348673,-0.33442292588168
5.77844377967057,2.47233288642839,1.16862735973396
6.66049895755972,-2.10711519714405,-1.55719728777882
2.57232300598632,2.12492433013849,0.572692998051631
7.08463109427263,2.01969055850442,1.75838423868715
-2.6999212158903,0.913793126080097,-1.63913017696121
-0.0135656250217594,-0.212644380711624,-0.250093266419039
0.708976556339653,1.20238709730423,0.253724835028265
-0.0639856456668946,0.0439101537244239,-0.868263814765249
-0.629975748728295,-1.27311926880639,0.275406639481141
-2.79842451395452,2.3825764525056,-0.577255123200276
-0.793162719796142,-1.12166470275706,0.241028060668582
0.426596363554549,-0.237665500215424,-0.933572828252728
-0.823381378983138,0.437934975431243,-0.84200308561573
0.0442283246902966,0.199341970727083,0.278298163770136
0.0848840835287517,0.382999530193913,0.0515548750645392
-0.876028158475207,0.847617436625848,-0.564832201293457
3.12686312374543,1.8574881335103,0.841962828808035
-0.414623320610192,-0.286124361161251,0.768987873520306
-0.610186587531073,-0.319341370715959,0.998677357711653
1.61016383260319,1.24184624428588,0.714324476766107
0.0561706808879718,0.0984824188649824,-0.288974143029229
-0.25183130242529,0.160522604435911,-0.162806964162023
0.201265387034408,0.183084724209829,0.464119075226895
4.8631446404342,-2.38943686886019,-0.998279388561521
0.084398507230435,0.0296667785998617,-0.441902429502137
0.0191416636704253,-0.00993482427501674,-0.993170472839395
-4.90630500617739,-1.67376217667066,1.45576664664239
0.0979303791598835,0.00724323585516969,-0.150889488703404
0.571207559394279,-0.342357811069691,-0.843450892431672
2.26367816875551,-1.07924390040874,-1.08356060926911
6.28382073003017,-0.983751451996409,-3.21007344910238
-0.0294638580759575,0.169108130544951,0.149641085631801
-0.0874432018143204,0.0972263643940034,-0.889357440345778
-1.21898975529069,-0.452595757574585,1.35852741164217
-0.0336359506559809,0.0102118876216787,0.602768401013907
0.16393916937196,0.126827245925678,0.736024425681546
-1.339277725285,-0.619264943483352,1.08598708788934
-0.827067795486872,-0.354749213821005,1.40539368811034
0.0617385024668426,-0.810372011966864,-0.0182258973980665
0.0752060704791512,-0.176274414628697,-0.416629889137189
1.85756919984532,0.563424174869605,1.36733793624444
1.65446453113525,1.26537968341303,0.670869228621105
0.807974713234209,0.534585212469949,0.648066631295461
0.128490492071396,-0.512159746404301,-0.117498005044989
-0.078862361873753,0.614322387485454,-0.0485611830923048
0.100251235226721,-0.696539482375032,-0.041227077737107
0.252979106927595,1.39878200988463,0.0745287382779171
0.853404025861715,0.691006200312075,0.697374949504342
-3.54710879553208,1.05225305352644,-1.70190716112425
-0.0537327486022261,0.0186171170556894,-0.735923034729376
0.104978132547095,0.808013318283367,0.120735997533056
4.96525345605396,-1.67982013985812,-1.46752945926245
-0.574698353484805,0.401884686727208,-0.743355317569069
-3.12374470813677,-1.47794460145667,1.03929624281543
0.237724937321644,0.895197854562896,0.190048299340797
-0.00891521207403703,-0.228868579108831,0.23650862660833
3.61008517162887,1.16296709716616,1.49829070403559
0.940143048332212,1.6615275978928,0.269557865240565
4.49618855806303,-2.02495649410591,-1.11819407781237
-4.48667475125967,-1.67400526285687,1.38019021085959
-0.107874396648331,-0.0125501491250505,-0.891765178227681
-1.50745224876853,0.636349754678826,-1.20865088010185
0.0938927665424655,0.167379215794651,0.221027498870088
1.7708596316619,-1.07940109451003,-0.758409678839212
0.0462941818207596,0.178241703959708,-0.111919330838234
2.17335633171589,1.04379696472091,1.0142850694756
1.41219526983973,-0.495081680962773,-1.43789815426256
0.113463727308434,0.647265172890996,0.123688768525861
-0.616328674557327,0.107725772056931,-2.45441401872422
-2.44864954592335,1.25672736734523,-1.01715892955769
0.246314308224108,-0.0660275721165497,-1.12112743665003
-0.117381953095369,0.433088808556583,-0.253005826434072
-0.797404323522305,-0.49501975597565,0.761124243238399
-0.677807756872004,1.27744909113777,-0.275036798280119
0.508320368905545,1.08097088528182,0.244268757553576
-1.2574791341545,0.689099975803287,-0.941830820109447
0.590458659641679,-2.0238780112723,-0.14005736798948
1.46143531730388,0.511481973958988,1.43412398805974
2.50116573279859,-0.888584818988491,-1.32490759207355
1.97073483270546,-0.662385182739119,-1.56319718483902
1.25845593815262,-1.14580286087498,-0.480751254128269
-0.0233190479628314,-0.219574119459136,-0.148107083403624
-0.700236925067418,0.552259063460069,-0.583182275469573
0.856298666742525,-0.400226699524515,-1.20865547496177
0.0847436690976413,0.0544753726067542,-0.712601739482184
-0.0698159685264595,0.343446801066766,0.0196272288165846
0.287515098820725,-1.06012207627287,-0.137858731486498
-2.90089024692832,1.1026037949535,-1.334253197994
0.146355209722803,-0.448800337959997,-0.158425321440244
-0.505904027188688,-0.228397166837471,0.901832114673884
-0.304010201375568,-1.36509653426948,0.166482701049933
1.48504610497571,0.74277127077431,0.904974518476935
-0.970949420836644,0.334664640003075,-1.2944363986833
0.470510684606561,0.732849161305386,0.276035485849247
-0.0231634461828117,-0.0499421857036562,0.817021969447701
4.55450100440767,-1.58347312490468,-1.44933396605496
0.282739391412902,-0.179423367108118,-0.298237449945346
0.232024343136839,0.149191191780842,1.06493303288199
-0.581843091174176,-0.368159688830873,0.94635751698167
-6.04831307667554,1.67150350758535,-1.82173592418832
0.0663351837071992,0.781617110163188,0.00731112644252518
-0.157685962994108,0.0087358277771892,0.817605851519774
-0.150395909863079,-0.270742398064822,0.286230602061092
0.896313841726576,-0.357300970673754,-1.08311089378925
-0.334602919361871,-0.231117021932474,0.752041415742112
2.73067724199094,-0.850782801452314,-1.54163862426287
1.84419258892932,0.493549879364033,1.87717905429821
-0.359786168689485,-0.255765891150449,0.72298385470139
0.151784530082899,-0.371005567764032,-0.116258469938566
0.137600775917184,0.127285653332053,0.791075154162302
1.08087364141411,1.91033990058237,0.267044966889133
-0.832389716382304,1.20198885546934,-0.337102944838255
-0.248659051728296,0.464651805056921,-0.522476669586777
-0.364698645291923,0.129216432943125,-0.828432934663729
0.220254149681147,-1.25722513431317,-0.054408135305017
8.80527745420237,2.65212147713187,1.65518577195694
-0.00285148780353658,-1.28312331146797,0.0402778647963108
1.73043348248287,-1.09775324863584,-0.738445041033493
0.0205089337605765,0.00603600102762065,0.692787214929269
0.922739684828736,0.385225789959632,1.35069140884639
0.0597258312073927,0.0342712088025647,0.73242763752391
2.96699052871237,1.00915281989192,1.43944744556341
2.05681691095523,1.30678626439744,0.784218830408949
-0.876821329799438,-0.613768318034146,0.658511063411528
-2.06816648239748,0.423706705035675,-2.4718625230332
-0.978777296294102,1.12600569392962,-0.478638746768018
0.558259057713874,-0.290695200482782,-0.582674695382613
4.19724417751245,2.48576698248912,0.833201012089075
-0.207595827987023,0.130980369690634,-0.663135060049808
-0.818709464258402,-0.270399379929617,1.15316419278699
0.133304982933537,-0.150377326042964,-0.512054905479164
-0.627627806933621,0.328503800689617,-0.773153451984514
0.765351748250996,0.731509348711178,0.513814707178631
-0.303173487397931,-0.0605172156263082,2.5714593832839
0.71542660076441,-0.484620654610651,-0.766257850794178
-0.698894214667966,-0.511868548726524,0.625396166571271
-0.406986264450987,-1.41477633731145,0.159150718499142
-0.975390802774412,0.721774006803868,-0.63565111112821
1.59023351894183,0.641595080182515,1.18535344905345
-0.0705392210680659,0.186425788102903,-0.0471705091074429
0.406946475266686,0.130011241797533,1.36121241533173
0.110476785472113,0.645754696026527,0.0801982750749845
-0.108177865993486,0.931648306382864,-0.0758566735279767
0.129667971839589,-0.280576919441092,-0.205909899029201
1.0368307558071,0.94501468733308,0.56577411049642
0.964029291850439,0.412257712471581,1.13481659296101
0.536239494860366,-0.226557589285816,-1.31294086011623
-0.469367304840451,-0.165589662976763,1.21120933747285
1.08080387929254,0.786464508942271,0.755942496063611
0.557354168913421,-0.771002925142107,-0.279678127058329
0.871738678396449,0.425371257760678,1.12347092197111
-2.1810049884773,-1.60231726203527,0.683045079813696
-2.07406449664698,1.08335557763046,-0.965792138844501
0.071352752098654,0.0324945022163388,-0.524789704040495
0.611203316751502,0.166247596097507,1.53622011827394
2.25318352427037,-0.794358639094375,-1.35463464055084
-2.78371524513263,1.31521746423369,-1.0491570325415
0.0721510929295787,0.0263480748593076,1.43919060004872
0.339034915289217,-0.498967038017707,-0.4217251821446
0.0485600722516487,0.0407329539870375,1.52698422114622
0.624299371616236,-0.645818320376669,-0.544531991279852
-0.670056844605104,0.528379021853394,-0.602817151673984
1.86559763660585,-1.40037657621777,-0.607117034163523
-1.63331466061492,-1.93385667760846,0.395870120996884
-2.8825267625926,-1.37282686127345,1.10074921503441
1.04902590172903,-0.271950651581002,-2.12450670113293
2.77444595170527,2.02422114249383,0.695622106552105
-1.21170724296773,-0.262802452893589,2.23899430189306
0.138618968063536,-0.112063020057475,-0.115678458234097
0.526347324152246,-0.413623482310884,-0.712474308269488
0.256573177844068,-0.0724000421481473,-0.161339516221833
-0.104404377121579,-1.54295323610943,0.0504280472345602
1.79298574474241,1.1980709541795,0.723700751975406
-0.242639066323245,-0.412453917544938,0.441670545513167
-0.504969093317449,0.842977319828521,-0.305374381227271
3.35507464067375,-1.0022983740405,-1.71694803575321
0.209373353760504,-0.678717639871559,-0.0144389898344001
-0.00802199492633077,-0.484692287908465,-0.0598948283165815
-2.65195768542971,1.3668997889192,-0.949292613120028
7.86348865199873,-1.75139107241769,-2.21498462004544
6.51268017549005,2.17750862570753,1.4563322456614
0.710143622193543,-1.52380822681751,-0.264434111383743
0.728425744911105,0.264048541921272,1.30391164392545
0.0239726933186192,-0.29517135051563,0.335419440969855
0.274657913897594,0.564404329101431,0.223497977359734
0.0657968589149966,0.536022108117583,0.231790396657691
-1.45064583652018,-0.812609502543059,0.885332539048364
2.27976795516221,-0.93990021523659,-1.26528104256828
-2.07776007878893,0.854594526681919,-1.22091968799878
0.289902980645868,0.138318451315841,0.755088603294844
0.159817401822233,0.207154591537219,0.45028959918286
2.76241421918677,1.9002025628838,0.700389938614263
-0.777516417884523,0.369152007032838,-1.02381661420547
1.89442891629103,0.934800471643378,1.0016159795025
-0.00434697219622773,-0.508856974397103,0.0398001983691731
0.891262986698225,1.1845468130661,0.345417810084224
1.17422561360148,1.04151619374035,0.621533354720506
1.95564024135847,-0.868379254729744,-1.07953408415059
-0.669331355029298,-0.686912711719137,0.606409450708687
-3.42020991985412,2.50862105384671,-0.711969912941433
0.831744852293555,0.39016618072536,1.23886153083178
1.84709297593127,-0.859861400896498,-1.04176796141971
-1.07377529429461,-0.375000029975419,1.42818216285678
-0.103930511714644,-0.673896235817001,-0.0309401027538087
1.86688992366002,0.637449094062175,1.38850486792168
4.41608370972913,-1.4755270687486,-1.53040808524818
-0.109067891856166,0.194670606295418,-0.319481668364649
-0.527390107235438,-0.39816067039065,0.717340905521783
9.46469103412157,2.77598166721596,1.71694195084841
-0.638541511367187,1.09691440403169,-0.238706823253519
-1.67834263129488,-0.422205027032891,1.93792495368156
0.353102750218921,-0.563048887139367,-0.269305777551766
0.811575061475683,-0.517400095702444,-0.748846945571159
1.02007589241401,-0.609292838598993,-0.8412691229523
5.01698448416629,-0.992128112223622,-2.50783025603279
0.0561900300387652,0.0262612922320916,1.23166503380841
0.754142203776975,-0.369630765435727,-1.02305882082004
5.55086652353772,1.98259615241184,1.43718303450942
1.04341093468751,0.52120856730778,0.930825366197412
2.81250987552593,0.713456707939743,1.90024763759913
-1.77469458396555,0.449257762528846,-1.69678529740147
-0.956517536531439,-0.852313823241478,0.512702180367917
-0.971787879359459,-0.383522224055468,1.2345203930018
0.151486781695855,-0.278903533777111,-0.257465200004006
-0.277904287592496,0.183320400145385,-1.2286295399476
0.395767737161375,-0.665793795161164,-0.292035415278281
-3.90958969392012,1.43176032762181,-1.40290597625962
0.726108523699085,-0.992860681688448,-0.339296758671065
2.48502651361847,-1.07106347974745,-1.16398305215701
2.33490140377253,0.667839328269696,1.82005597690063
1.00477922898637,-0.65460084791469,-0.651852467102583
-1.66696462980539,1.08987775766016,-0.810916726323981
12.5035888267539,-3.26900651861671,-1.91660341463628
0.0277749638446058,-0.177445604392713,-0.0837519173402312
0.916976753301625,0.496222627153549,0.828627546224179
0.0237562961737711,-1.07474942449354,-0.0183869418353033
0.101110245743379,0.0698525620039237,0.575652091635
-0.922843280759185,-0.490396182492109,0.84251955455405
3.06174666589527,0.814190542686461,1.91027181355759
0.279762033722712,-0.385534755239349,-0.529837701885343
-0.0272279982230391,-1.82107201373648,0.0187234737188111
0.840596217893507,0.515895802149253,0.805119311196703
-5.25014717337843,1.03719525344503,-2.56396375757837
0.340025412140665,1.42412439251628,0.0993111815841322
0.269480495206757,0.159138950208527,0.781736398235011
-1.1317842486694,0.521666352038428,-1.04215851604452
0.512006597545747,-0.490939563251862,-0.436000744946655
-1.99198012226479,1.32884438396767,-0.755338846021828
-1.61962721167057,1.07496787045026,-0.765042730290724
6.2403244479293,1.08820351819896,2.94186041542217
4.00278889771246,1.29988455359483,1.56322443313025
-0.523434668465453,-0.771254306365993,0.157765780172551
0.374070669052379,0.419036867816782,0.412027919406678
3.56288212069874,1.6645877157054,1.07920614449229
0.933302178079371,1.31203930308918,0.323379800839563
-0.699254843426155,-0.485624483579512,0.798216305869719
0.357557585230022,0.166814685167106,1.18205942604345
-1.01697692830981,-1.04368650818411,0.525721141539428
0.216740062168126,-0.218576215133831,-0.510350049122545
0.249821441667367,0.163831350107223,1.01710223690646
-0.765634855761991,-0.364693197722376,1.08305627968605
-0.0165732991894571,0.343987901912909,-0.026096747260006
-0.578856927532784,-0.49001729909882,0.67370818062801
-0.512317743376699,0.374059336032113,-0.62366948646763
2.49877671460704,-0.918190788683114,-1.38014326454861
-1.09863956392755,1.10649780634836,-0.445980698903178
1.38179608598995,-2.02697978452749,-0.37170126758731
-0.757012702855292,0.341736177630804,-0.90776595145466
-0.145183753365285,-0.238471792281086,0.279058572798323
2.06848440427981,1.78369822012334,0.587616254719841
-0.441079505048295,0.317097675624609,-0.539515709733912
0.817924047449082,-0.436725295949748,-0.717643051832366
1.0515982425019,-1.68539101768201,-0.353764261042046
0.51000688250304,0.378349345222503,0.503446322342692
0.1223706737577,0.596699654938404,0.143899343231491
-0.719899143841335,-0.72708891637864,0.485830858314978
2.20290910231388,1.1079268750601,1.01030028642169
-2.6433849668608,0.847625485590531,-1.45110634109373
0.235741744501232,0.0955191941784831,0.652305397183057
0.904018980622151,0.514140422015063,0.659698242290802
0.208375726111824,0.484744289469554,0.238679908302206
0.495531576651067,-0.44593024628289,-0.635314964370376
3.57999638846558,-1.12432318527664,-1.59253460226637
0.0795292715200939,-1.30752204554595,-0.0705101011553623
2.55724827011172,-0.879339451305735,-1.52641238288141
-0.63049474162961,0.414031699657535,-0.915803542197644
0.220537971907266,-0.16249970702169,-0.826186442329033
-1.33462952889257,1.02598405011192,-0.654287742551865
-0.336081728270914,0.415517805722223,-0.446945566559467
0.354780870584314,-0.186287882831951,-1.09780412881613
-2.13952251687323,0.38431382225576,-2.74720684493365
2.70672826058413,0.87467184140185,1.49614933397579
1.67781734394372,-0.639441740624692,-1.23605369557756
-1.09830970775614,-0.934112635311596,0.600831212831793
2.98401835770432,-1.27231619827241,-1.18586819554596
0.0509691175616871,-0.0831218295221339,-0.157726795426474
-0.117832943609125,0.0264811121957159,0.372973111346969
-3.31994141682031,0.734555002376084,-2.34719540567518
5.37641042540059,2.01186037235007,1.31041700115617
-0.0219633635890991,-0.0401441231795591,0.0369170167185488
0.13625078642261,0.919352597792694,0.0428045774706058
-1.37224202993122,-0.808447796730617,0.80846729550038
1.81438822879685,0.797022507961998,1.16054806250494
0.205187983410163,-0.529601611251029,-0.165473996534654
0.509283736461446,0.56598765484409,0.345373325041768
0.952963401713617,-1.18248221274794,-0.412006566192648
0.200584797440208,0.366195655201527,0.356314405673311
3.56104121013835,-1.76788435291038,-1.03642623254386
0.936090887875345,0.570534381416292,0.927638539399403
1.27135234674753,0.9645032895895,0.608410364240541
-7.42986120603827,-1.46227867238311,2.52716967179948
0.526945568190347,1.06405057436549,0.272883818555478
-0.611408320978804,0.143092563950066,-2.58902054303362
2.52604692625781,0.8496442146339,1.51602441577055
0.210971553586836,-0.313548615944504,-0.344096697502596
2.49887483134015,1.37617858861274,0.894588160164217
0.988887212610946,-0.511504508971676,-1.03658198712332
4.27753755711038,-0.958115371674297,-2.17859932697316
-1.75356636323438,1.89132083971809,-0.453793011166579
2.3058499424127,-0.928979232155593,-1.33780777514305
0.176885287193246,0.0891237600835401,1.41674814178615
0.552929508750935,-0.736004224482552,-0.393061820266792
0.0518740020568431,0.0746058490743317,-0.257598687759934
-0.312431298119317,-0.159402544215297,0.732443045756894
0.503124343613332,-0.319105624776664,-0.869324294946915
1.37627254504004,0.456186830122155,1.45688115219911
7.56999940127985,2.77090190938685,1.35841566167273
-0.50313651125478,-0.2492195402282,0.637015303675405
-0.0610470025634019,0.191823527940752,0.163282383534666
3.41480478924147,1.87726231541074,0.947641291112687
-1.078868850107,1.57507712674918,-0.299872076870589
2.53448079661302,1.68412521219147,0.719927600647599
0.331039861830775,0.064653954339904,1.87228218391792
2.82280349618004,1.88484331024242,0.749132025507355
0.256778176128121,0.415558067830247,0.267729432208962
0.713369033390336,0.60511860641813,0.709550556554705
-2.07361150757579,-1.1841890285419,0.86735132678061
0.332703576077077,-0.384786269410386,-0.479369127492931
2.68844502612146,1.77796177753853,0.753758575123381
7.15148998745155,2.78110120211766,1.26593904230283
1.17958493401819,1.54193743944448,0.370280823793157
1.04654368310134,0.777658854953054,0.608103035489523
6.01725501926227,1.84971397733949,1.68051028894549
0.153356998802531,-0.513166645578351,-0.211418233821411
1.1382887964767,0.53401931507696,1.16604834627355
0.919528201369164,0.901570134979948,0.488366798280624
0.562887893967774,0.27247653931049,0.87069462052215
0.646947620852045,-2.15892431611623,-0.103680413896062
-0.442275515281757,-0.1052869501634,1.14092999183808
4.00876928332714,-1.62437304985395,-1.24891138679743
-0.044358303105572,-0.548704154638588,-0.0447904684108131
-2.34982065944147,-1.32995984369608,0.8067993117266
3.09332866751502,-0.489112894044297,-3.11425024730912
0.239174801762864,-1.03769955563012,-0.169006356240711
-0.0866335376087995,-0.150160412021659,0.588711129047165
0.933913419183569,-0.331795130484809,-1.64425760662672
4.63663608520989,0.984836388536054,2.41484854999335
-0.266453412919344,1.09802260513022,-0.139640986996218
1.04431163033792,-0.626476670576211,-0.837628392309125
1.54845125740907,0.616749099693829,1.26038816862848
3.12753476809174,-1.45626390937811,-1.04437606555458
-0.174476758704424,-0.456182289241392,0.0404301980401594
0.10043600447339,0.918358547476117,0.0234285296187817
-0.113791220695273,0.275869974553793,-0.470043866775432
-0.638049643287551,0.488687040722563,-0.671428665828661
1.38402237500572,1.05764590889028,0.687436331742405
-0.102575464869042,0.148481902041304,-0.0764499723439104
2.352041394247,-1.74631304678571,-0.68246533135328
2.7642112988182,-1.22577001633345,-1.11775599523099
1.09144308309158,0.843137542645243,0.581054745830194
0.579287606414343,-0.701417824322291,-0.28833461961491
3.40915219464212,1.82990334252956,0.903910531882566
1.56000358877638,-1.23499140552287,-0.625506195264955
1.88941676373305,0.6387850375749,1.53894667503739
3.59082911888212,1.82760653085063,0.959637475428057
0.784149144251542,0.869644490829054,0.552219511502868
2.72641091149248,-1.32757853983244,-1.02397099422044
7.75693383683002,1.96579416982403,1.95187089863571
2.05419024962917,-1.70957346797847,-0.59001054959994
-1.50789134534832,0.587759997895858,-1.34363152852401
-1.07922630410604,-1.947991116061,0.288111753105442
0.835790629859401,-0.189932236027454,-2.3795428615036
-0.125162900081647,0.330444554943447,-0.481708271145394
-2.27634564916061,-0.931443960611755,1.09609792416739
-0.227212819924607,-0.363574415339681,0.198210346096821
-3.41538358900807,-0.859530191597193,2.00482959353318
6.8649899597248,-1.5381835091111,-2.24477466473662
0.465076853864135,-0.891072137843794,-0.347812905614497
-0.0660311595512948,-0.0731272142030474,-0.8383484125722
-0.172186141578348,0.150658958150219,-0.640464518974423
3.45863535225523,1.24117206166132,1.3266433824551
0.0665764949920902,-0.233887215609571,-0.146076598026505
0.577325428571166,-1.33705303129304,-0.244848689152627
0.0693692608447183,0.0616040109033913,1.03847323019898
0.750527993213774,0.348579189147003,1.1365156427576
0.77851812103249,0.849877837934001,0.497584368838953
0.0163009641134554,0.581537408643833,-0.0815107035158152
-3.9467205262103,-0.931000265364171,2.11185971158613
6.37465358752616,-1.27788374346237,-2.52724098812962
-0.493703295399429,0.69375911984285,-0.32338992921701
3.94536912474267,2.04266933870199,0.969187932247778
-0.258654558012663,-0.94583054593389,0.187735241000606
-0.626253867506847,1.16803142683097,-0.257358099315987
-0.335607939907738,-0.29897304448877,0.742644171220146
0.150013298851346,-0.190694964443436,-0.0538191497178035
-0.853554390475262,0.671536028651242,-0.630432561338884
3.51269075937157,0.914999312180393,1.88614700974367
1.98422295511052,0.969517124269345,0.934364532450862
0.0627707875595822,0.0191296857809645,2.0467452197642
-0.0185204762192436,0.0763331023577568,-0.445431618677054
4.70082007812427,-1.09726632628555,-2.10131860793768
-0.0299213881733192,-0.307016137727374,-0.0511610206041929
1.10055103523171,-1.11241859936793,-0.474548306359134
1.07625581659557,-0.399902251578888,-1.30704091666335
2.33067376588733,-0.514673171324205,-2.17228507387744
1.67357419138087,1.07412093005932,0.742154832667149
12.2835433174272,2.91913767246474,2.08940190312517
-3.18653976165836,1.16196091476242,-1.38573681421165
-0.270963778017528,0.0914214832847881,-1.64273519522362
0.272411979386374,0.751878921322532,0.187712257672509
1.88253596794429,1.37236195296176,0.694083294155029
-0.340779073722577,0.0916725547533004,-1.30914586807682
-0.0122291410533728,-0.408565031091955,0.00687333806451899
0.215781231973124,-0.736849173409187,-0.220104095735685
3.2276341507423,0.866184970355212,1.84328255640551
1.19629220501951,-0.554684219507971,-1.0365061359082
1.29455257735446,1.88402392444954,0.39456371176707
-0.0826802799122625,-0.5385961091071,0.0470197631992622
-0.0959646906213213,-0.067441698319836,0.262272390403966
4.98976065548157,1.15616240194462,2.08543252599486
2.24591441266452,-2.4800144816573,-0.476487570005606
0.783365648613154,-0.893474237800575,-0.36451479373096
-0.012921447539565,-0.379708760361879,0.279163680287717
0.875342237236791,0.991926997908955,0.45412648685636
0.831674692975451,-1.0349844470826,-0.447361430707108
-0.0408855544575177,-0.218387880127969,0.277144609771847
-1.99375694067183,-2.57596044440605,0.402997967849377
-2.04730944017876,0.632522704888826,-1.5960630785912
0.0177795808184194,-0.14718308488664,0.464689080409433
2.35511464035549,-0.567255460393624,-2.13656847996822
1.6365237177954,-0.747833772409516,-1.06367288793422
0.159635887528919,0.151973032707135,-0.204808953829982
-1.91113917820637,-0.841461348466777,1.21221123166782
-0.712172379199719,-0.752307488199554,0.362844920324077
1.40550090723531,0.561768814949977,1.38934098432491
8.02358053600172,2.24545040559064,1.79025718370219
-0.631483731778091,0.306179243311578,-1.25845744570214
-0.00319643345475756,-0.113207723246562,0.562266006876575
0.299831088306834,-0.682665190539315,-0.294841935471168
-0.0465895599368657,0.463847072750948,-0.0447443233539034
0.283739190023742,0.526205064788197,0.178679098542014
2.83589781224112,-1.48435121573274,-0.996423333815035
1.56438394732896,-0.416215449810305,-1.94266656422206
0.228937777645047,-0.502879480351501,-0.366647026030257
-1.40767644541582,-0.707669089797222,1.07856695510765
-0.277204128330392,1.36318090773893,-0.120514694333543
1.37325876840456,0.699695833102339,0.966080769519605
0.0254797280900567,-0.738309762840094,-0.132445230744349
4.48156469525327,1.76711864202656,1.26568879120455
0.449683516572159,-1.45000131341953,-0.0929951178720983
-0.4906412750228,-0.772816368852928,0.257773295489886
-1.42325840481488,0.803930000378879,-0.951167308621717
-0.894883528244166,-0.292631306943859,1.50861190835427
1.91402516169695,-1.34056764885968,-0.689409418557931
-0.941444112949877,0.834444768794478,-0.547675676935241
0.0425189767614032,-2.2031590959674,-0.0108943286833777
-1.10582617970253,-0.42970476612973,1.27338766142549
0.815537513465338,0.526694990079506,0.852158693090245
1.28133908792496,1.87363411878639,0.333744973542757
-1.45194102521514,-0.972346754244081,0.699060868749726
0.504274103037997,-0.162386419841374,-1.1416502259608
1.42270787127416,0.560009343242482,1.21473693658836
2.00502957253461,-1.20758901013279,-0.826835216974733
-1.33295829749938,0.789273952486691,-0.783229895453013
1.83077607512951,-1.61496685335043,-0.567520607026084
-0.0458903030978491,-0.463778650086819,-0.091999197468208
-0.284084082538622,-0.0881727957268533,1.30941246059129
2.08331307007642,1.37958529814037,0.738459923473476
1.84232555542523,2.04941206168895,0.477560276912718
-1.79540386283396,1.5691984144535,-0.535042508935727
0.401485253075217,0.832713685531121,0.167447997378409
0.596537582410398,0.304276745779542,0.772778170735127
-0.778135377339595,-0.591449903010585,0.822208062450997
-0.545570136311377,0.286432660360551,-1.01031762602675
-0.734700831868003,0.646863300546931,-0.650121277780492
4.55584204096138,0.994666600678506,2.26294427581693
-0.42145824186547,-0.67723840985315,0.287485883797764
0.176327715151226,-0.131890501701905,-0.700054079648356
-0.224067647217082,0.160592962556184,0.231548875869449
0.765398104272469,-1.61377264907939,-0.209133428677911
-0.0309588786644829,-0.337645896596154,-0.0772816552828913
2.5439942966359,-0.87303497955583,-1.42134986097065
0.0741711717433911,-0.413682985752776,-0.184131257443485
2.75918342270641,-0.63242603058962,-2.3111880759227
1.57475544607271,1.39919184692251,0.590891139037747
1.08013168366264,0.94308998488182,0.650246493366372
1.5099672688531,-0.593093392329332,-1.3506722458769
-0.445220167587126,0.104458830439375,-2.08315525328127
-0.11838366592152,0.345654225447707,-0.00735220009647933
0.565880175250945,-0.0740792494167149,-2.19326530904586
-5.71214448634446,2.92862373103899,-0.993325061375045
2.79195612171867,-1.61330887582795,-0.83203696738105
0.579782730004277,-1.16556728372012,-0.244893326041712
-0.00294766693551142,-0.692627977436809,0.0642902533555708
-0.480268151097017,-1.49532778057955,0.178037574374064
3.30978135875897,1.6080534592675,1.03543301251022
0.268938049040039,-0.139309362046458,-0.801992515587897
-0.794758376330881,-1.8890587043303,0.175128613401064
1.8807300089998,-0.479519300971649,-1.90018931344159
0.168808850100007,0.654119718462653,0.100040584840178
-0.106082650156346,0.416843060662775,-0.0698463111589134
3.33680259919937,0.600474273545528,2.72914893506897
0.0235270280664379,-0.0996200128045106,0.448850669390342
0.8700545254678,-1.04472340140155,-0.385874370124597
-0.0112396052912268,0.172654190603709,0.42740511627175
-2.33746751581867,1.12097715082947,-0.97522612807136
0.08848756031279,-0.0380441844837857,-2.30069688881938
0.127154798951896,-0.467696345331224,-0.394259675892346
-0.792821777123303,-0.186782263463019,1.75106977918691
-1.01428079174588,1.73931510768235,-0.299760435062448
-5.57658667777766,-2.26590592661106,1.22965028127162
-1.82346535957472,0.612928941823774,-1.53691408709635
0.383629476574909,0.0655852854432204,1.82933579140913
2.39083506102829,-1.37327723476873,-0.834653324321642
2.577116735404,-1.38625114707256,-0.93804069905887
-1.85269675511049,0.881889605185778,-0.990743397316445
1.95813422983968,0.836135269620953,1.08528267109411
-0.979141434749534,0.546267648826614,-0.834746651102144
-6.45002273433971,-2.21623235081822,1.44289693358089
-0.0950984170340635,-0.375534361377748,0.102886363431095
-0.888212590469134,0.370594646226262,-1.14543678261409
2.88055929989977,0.842668832433613,1.70917922925381
0.201995751918037,0.172362706228759,0.706926338322596
2.5746268318927,2.63259375943145,0.508519696475214
3.3728414997716,-1.12493623205626,-1.5116173892442
-0.263086568017134,1.9922204164142,-0.0312404964499711
1.19244749322154,-0.392465304640549,-1.71884090382254
2.45070964639466,-1.48006159781701,-0.828053094025125
-0.926346828139633,-0.537270337369265,0.777345461653519
1.10794036809941,-0.35841494281465,-1.49786122032707
1.57858424131377,0.780139051565091,1.04079755032576
9.06414937542243,-1.42516929537309,-3.18457381432696
1.88238582229596,1.16898004807693,0.66988566515921
0.0299545874972739,0.274070368159,0.0288919108970569
0.162254778002754,-0.0616890872767866,-0.789330362872539
1.26075591525083,0.987982055706404,0.70654917598765
-0.113699212061926,-0.327781468254297,0.0748594232223185
-0.917762441521116,0.6217290595677,-0.75238432295243
0.72936201686665,-0.512515115994382,-0.843696622424497
0.155683177295518,-0.13887586133164,-0.904547501885738
-1.11845219109961,0.899733159755537,-0.603366396296067
-1.12183684474488,-0.966541995261969,0.563979998550332
-1.96393479312832,-0.616216222854795,1.46995340814994
1.618495565668,0.52653256346833,1.46330556038387
0.434714482992773,0.619135947195486,0.308850599524726
1.04973653517596,0.552567232152958,0.848847600476104
0.848789394599994,-1.65381580763988,-0.259755923941189
1.51011654477615,1.8216625232909,0.382998404391022
-0.143970699689434,-0.523186645541024,0.00902259542437558
0.522076047345714,0.2528459392345,1.03354913837262
-0.546853561806247,-0.261082894750605,0.772468989523523
-0.823409632989781,-0.726257416113219,0.497673022734798
3.70649340524698,-0.629222397705198,-2.99886897969396
1.75680456817431,0.359146842798302,2.32123567400187
2.72069549023997,1.87275959447107,0.756867105075034
-0.175531526001966,0.381709366227536,-0.236997130012108
1.3394226113798,0.599359172440829,0.994137535899616
5.907751684711,1.62493906988008,1.82168917024183
-0.496290422862811,0.53386271844806,-0.271615869063549
3.1509246481406,-1.00331534182578,-1.6569405724791
0.604835982176902,0.181269287913989,1.66720445573615
2.37970403637095,-0.531088717423541,-2.25930676703494
-1.25713810950245,-0.555387285821789,1.20653335716337
-0.946579200760403,-0.513547716016704,0.984752809758965
0.166603756210701,-0.262387879903988,-0.0785960915339685
-0.0116319265950544,-0.54572660185802,0.0288926472374159
0.216133273876022,-1.4805356038263,-0.131898352174377
-2.00844862581542,-2.14929820878099,0.431466231310266
1.01230246298322,-0.648071504431344,-0.800433941766819
-0.133356786393094,0.716676678271884,-0.0986397707087013
0.497711226794682,-0.916532595373447,-0.267422606204405
0.0843973765176245,0.35022122955083,0.147412023702714
5.70412119867328,1.49451509876393,1.89033721013505
-0.0119915494578081,-0.00296366082183184,-0.802212491945083
0.53864976531073,-0.628440419681773,-0.534769801102828
2.50002511843321,-0.595017053067354,-2.04435445149927
-1.06546482156365,-0.990239731635044,0.517333690828326
4.46134930547375,1.79586280661005,1.2546075148515
-0.959709008243707,-0.307907757106289,1.64248973715272
1.48754732858737,-0.919198547087831,-0.741704234215376
-2.71411696563307,-1.17376211918484,1.14099475360833
-0.0457724354974464,0.467254112226374,0.087442902498026
0.208858133348376,-0.0909245746363602,-1.06808061466309
-0.68707667634107,0.645437493051933,-0.655721935364546
-1.05351681441746,0.674172604211709,-0.612543973122984
0.376043263682117,-0.36012468667025,-0.543708621838223
1.21120755479525,0.351580094468255,1.71365447331575
-0.801149737796604,1.62603712297302,-0.250627816954739
-1.04523837443893,0.984021971966946,-0.491586643550638
-0.975360732366061,0.797435571220261,-0.555244911410028
0.198151513836772,0.367553372180343,0.275765132389605
4.38822978404837,-1.88245483122467,-1.19431172506152
-0.273156485415283,0.397243577361933,-0.263492445125108
3.22788495692456,-2.02448597920205,-0.792100959406247
-0.425917548981474,0.492373588606709,-0.453607671800318
2.57825438136865,-0.884840202210766,-1.44583470610666
3.72935714948292,1.19348070649144,1.49373298395859
3.01926881780784,1.36190066454854,1.0523798408938
0.0768611710896436,0.108155141360297,-0.52886367670969
0.712193206337223,1.1108740669889,0.261809482503536
1.25197106250844,0.823293427397708,0.827775610696823
-0.20975760757261,0.0960041204217605,-0.769012062049413
3.16159741883354,-1.27681245733553,-1.18640786482048
0.397701415926124,-0.571468586413227,-0.271342234331788
-3.63615853593725,-1.35360030331927,1.31625238452101
-0.860297637549327,0.802535764708913,-0.494928301217581
-2.54887952705954,-0.819521529156297,1.47580303471881
0.336844911917698,-0.409783172689182,-0.360480249887603
0.483608950278429,0.269193197325242,1.00477759273822
0.78986728853194,0.624884997111073,0.703024966700389
-0.0884051859998302,0.00354183876339011,0.580714571661165
-0.295349365727744,-0.815371580906446,0.19606697724919
0.0571714036414154,0.46757087015621,-0.0285435432879548
-0.0200985863293347,-0.173215125333165,-0.165318590287649
-2.60485303363069,1.39845798385904,-0.953768301706356
2.25763857394035,1.0840358250089,0.997772143177432
-0.0139273890150502,-0.771350121839298,-0.00137664500789142
0.44758037613937,-0.187132764726093,-1.24841655595653
-2.43938633711641,0.627008001947651,-1.80425573306278
2.07276691254287,-1.53168736996421,-0.636610597350159
-0.127018282600884,1.4162806486491,-0.0553214418719233
-0.0716809960974788,0.0837726849923445,-0.865889383998382
-1.22282927234837,0.795779381655886,-0.862633725646389
2.92422993314097,-1.2139971519473,-1.27835590866936
1.35248633045272,-1.10531094640802,-0.554758200325621
0.414307210001306,-0.562356486052929,-0.431564741224111
2.2545040649274,1.33441543213055,0.817831692820552
8.94847103384964,-1.86439336909767,-2.40911160544547
-0.459673108804173,0.134954332080905,-1.83781877234216
0.524954609924159,-0.785460212357495,-0.41803018553881
0.235940932089592,-0.139341513491581,-0.374965342244934
0.605147543416344,0.8287991660871,0.465277702155619
-1.38736333098116,1.10368122805994,-0.643368638438024
-0.117957904525064,-0.1916812533828,0.326462891347445
0.114822843085658,-0.328563613915296,-0.104122721359856
8.73712755954011,1.81706494079097,2.34466069904904
0.181805915779983,0.811316358130245,0.0708160175941464
10.6251403425568,2.80945166626645,1.90062366753194
0.0669936098781067,0.136556975126231,0.699635938922128
-0.694346045877447,0.848947905692954,-0.400766145479856
-1.35467275849746,-0.827864832349298,0.848889729327936
-0.168496421998071,0.17932533571561,-0.350681607825309
7.22986832062817,-1.5975813375907,-2.1450177476659
0.0933157250608655,-0.0183893953231415,0.163898926643531
0.0355871053790204,0.00563764145287419,0.158687759611402
1.06786769300548,0.829757513945245,0.600891168846992
-1.41910328570262,0.332091293471632,-2.26995854938551
0.712230955491045,-0.155651918276774,-1.80776588526052
0.179309421892538,1.17778356251065,0.0452976648693428
1.33400590985225,1.44527054096822,0.45546587937606
-1.10978965388815,0.288578720227594,-1.65817706966102
-0.0030271799098577,0.0160611425524084,-1.79783625793805
1.2540279647277,-0.993260674552825,-0.736721965068491
0.335863505296972,-0.623165054960353,-0.169405095466531
-1.92453041169939,-0.712484608917212,1.41531426827441
0.825566389864299,0.317569153438154,1.45238363675327
2.3054131306476,-1.75954576323932,-0.701554284789029
0.536846697745315,0.363155691499597,0.805658478247675
1.00659802745437,0.488005480195575,1.14183376627361
5.00628715366233,-2.03261036823054,-1.25055443264218
-0.197971337658424,-0.0893853117368674,1.17560247867977
-1.025393231111,0.448315014275912,-1.23196479384772
-0.252885268836815,0.449055296631098,-0.266940278052503
-0.16615204015044,-0.0821312060561187,0.608020586209876
0.0679656123731256,0.0242437839290652,0.398407745848778
1.34554914835573,0.54726621969784,1.26278366366205
4.27528832173067,2.08349338100395,1.03271106358984
3.57050961105614,-1.23130303995255,-1.48492863991149
0.678976174926146,0.320591688608418,1.12195158782976
-0.378133905741383,0.313330379200989,-0.434264216253051
0.00788136348114228,-0.0109116368639925,1.6265180328591
-0.0206806007205842,0.300644384813636,0.0969747403557451
3.62351629274336,1.12705677408584,1.68035875055697
-0.022063248316311,0.0385874172665819,-0.974912434956465
0.0750569073625934,0.106597568329055,-0.231692225881293
0.423107681426503,-0.331124787752587,-0.733557882403294
0.00539677498866163,0.755809313117438,-0.0471230069629234
0.332296763573278,-0.0438018089672089,-2.34652462600705
0.906818685265515,-0.623154736329476,-0.763195406051804
0.256682054120003,-0.603752639501145,-0.255279995814542
-0.28947125726581,-1.06036158317255,0.142820753538632
-0.535259207502599,0.686335085267434,-0.388958997451799
0.864435068379506,0.994848525890046,0.428338809054018
0.592135144314492,0.771141763788552,0.459919562836562
1.15406974920323,-0.88192166857486,-0.606240848232771
1.94738026027013,1.07709622426356,0.933201720279225
-4.06684461933346,2.35713840218162,-0.878454024359959
0.306545217233881,0.529406470451828,0.243825146104941
4.32287147714956,-1.75378968162915,-1.21547582541911
1.76841009647133,0.779008013093858,1.08096917079005
0.718922387138685,-1.11848186665944,-0.322491029972992
0.117082519078063,0.0239400194725791,-0.0862376705857227
4.96630595171138,1.59416688763908,1.57724136975101
-1.70889077412738,0.783551430343388,-1.09073528154637
0.0704800582742802,-0.153276759125804,0.0886931100828088
1.79841563394869,0.607271350502805,1.49069578008151
0.0567012201679394,0.0488182949263824,0.270338771855556
-0.109767038514665,0.0899461414871146,-0.814939154501851
0.718033905921571,-0.506633445486946,-0.583598680117512
0.944087181555987,-0.596369627317337,-0.791996961938302
-1.67663160690616,0.991967901533784,-0.785164554205057
-0.551949901065784,0.491537673567745,-0.591235393526604
0.225179521150784,-0.619275969754173,-0.167831689395606
-0.0503527057967606,-0.897694091089,-0.0585731132468038
0.224156203776421,0.193286917946834,0.538190482725067
-1.17052143508658,0.793935707206888,-0.749424320710374
-0.388976972635076,-0.398942333434248,0.606548954111439
-0.113564891042224,-0.226236427838024,0.324985712446099
-1.20310166727047,-0.641204619544051,0.821513011195091
0.167006970121028,0.460577435457427,0.196891116984333
2.78384779427337,0.695450695044221,1.91280139876013
-0.351360568339406,-1.35843993565332,0.111860414450429
0.347498600857486,0.80228256634891,0.313194124432364
0.327975181652001,-0.353686787329748,-0.0659737634650607
-0.130495526442126,1.19654248855598,-0.0471587710083331
-0.113784280410555,-0.109830937298357,0.640363240493734
1.03714122995164,-0.318602183160331,-1.51962553291872
1.64543358660458,-0.53433756635948,-1.57540652934175
0.195985818408768,0.163735854190715,0.890756372421962
-1.53635289945465,-0.616434806402956,1.24844090110586
0.234497329781428,-0.82692103445966,-0.201100209548934
1.13706887367029,-1.27953345403723,-0.480292410030216
0.175457189303102,-0.120250196200005,-0.181409102073869
-0.768826410569446,-0.36679285890452,1.0736215236062
-0.632257375880249,0.454689791698455,-0.461442772414157
-0.774135977280524,0.60503974497288,-0.681747399204122
-2.02501172125555,0.84410449405129,-1.22260249562765
0.136442583385052,0.220172119153744,0.208580318741604
0.172243816155956,2.14627754585031,0.0786712814890881
0.0773314109218955,-0.419883719524388,-0.230436544934626
0.103620974405931,-1.44942233905241,-0.0811340426110076
-0.0951500220966428,-0.0990838105018468,1.12276935254088
0.990249508631995,-0.342385699350086,-1.26097677297335
-1.62242475653501,2.43968116495893,-0.335686508846473
2.31386271231884,1.21185757484594,0.932090206155061
0.685491883854896,-0.678155924925305,-0.500046602098196
4.7649269996846,-1.74740494341245,-1.37477930515253
2.16039771664815,-1.5075641367379,-0.707486161453418
0.333506041302146,0.146541941446334,1.03441758556445
-0.255084675459299,-0.118937162023431,1.13347993901602
-2.13673736202538,-1.02839208375766,0.985930336934798
1.53618323476198,1.15949311074243,0.611742113915635
2.84900754182912,-1.21208668256246,-1.16476651053736
0.833597358002362,1.2676839015023,0.349724948341596
2.06397007380163,-0.531553503429513,-1.91290254546018
2.26212234257267,-0.64697320093421,-1.77325745764896
0.716014905651754,-0.647039213542541,-0.495851760635887
-0.342693979524701,-0.120315697576167,1.36477716644197
-1.70679860511479,0.40409667896777,-2.04769630589449
1.18728556589421,-0.416465433818613,-1.29691005403184
0.0569279974332542,-0.548313850317741,-0.0700195385542613
-0.0664242179240543,0.634613178988291,-0.0153662481826694
0.378701252526272,0.124891890168275,0.853370601253627
-0.213160858375784,0.239060455509411,-0.641262947750734
1.15859067799876,-1.08443385805611,-0.456703220041331
0.133361760729381,-1.05046253268621,-0.0560032857976239
-0.238325615834834,-0.9266878619421,0.127192516157536
0.576851877527008,-0.30369720119675,-0.969798882779527
-1.32103351455713,-1.59802634380373,0.351230507655397
-0.490389562090778,-0.262252638985577,0.932716099704475
-1.38621975172021,-0.79592850612272,0.950548322953364
0.119100143546624,0.386921481500947,0.225051864581935
3.32326038813505,1.16196819933033,1.44020125668578
0.638764456140602,0.571875041178984,0.564202590072022
-2.21978489355089,-1.66913079156549,0.622975632609319
0.601683900858649,0.210973445491559,1.35314999227081
3.78053211323913,-0.853439890746644,-2.18529048780463
0.0362632051428072,0.0266582658550575,0.990607579410995
0.447089651227315,-0.196911164276701,-1.41574728121278
-0.493442648476868,0.128460060277858,-2.0951739733604
0.274027977634447,0.216281587945161,0.445047693391211
-0.345306480055197,1.75933841675577,-0.10567870726897
0.255297998517303,-1.74311757982558,-0.0807103930452538
-0.24823131076912,-0.046726663657494,1.54114246723488
1.25159343921968,-0.330352062866145,-1.94296339648634
8.33263255111041,-2.18276921999965,-1.90110337888578
1.44886312598603,-1.08888210628863,-0.703557185641613
-0.927356688889859,0.931583166241447,-0.470058981014452
-0.238221141765719,0.0036204924839832,0.3560063474916
2.5425009709718,0.667685446250016,1.8301334808611
0.331998235774623,0.146505099366248,1.19325297718511
-1.47933849078959,-1.34107111403863,0.465671779845661
0.00823110183370371,0.218630369403301,0.235491260825991
-0.467693857533878,-0.208283704369326,0.823632202008884
2.06214210710603,-1.994502467708,-0.48114364895615
-0.279329779543373,0.276798559975013,-0.34267782063605
-1.1372663913313,0.680292620415892,-0.88964862955682
0.033262118576224,-0.216041310943416,0.0544784068653713
1.56299140831986,0.467340157101291,1.72711103247131
-1.52514845179397,1.57382546628605,-0.521285226742036
1.36233657331339,0.620344896677011,1.20246720378366
2.50657782509287,-1.20310149769568,-1.0620766913126
0.0343463666587825,-0.0768962449569651,-0.174057192759037
1.57727461044027,1.33923660163926,0.555843505914895
-1.47533338253682,-1.47211042924919,0.484194213081982
0.394033615423938,-0.256926164898448,-0.79272322477917
-3.18925374900155,1.09531370299183,-1.47674156483353
4.57141965013273,0.917187131942132,2.4637421097948
0.715075031956548,0.261254525124718,1.15863206543854
-1.57551598103386,1.09374425936742,-0.747837618177942
1.70238796987348,-0.361344163211159,-2.33285862004922
1.09083002223078,-0.911889123544626,-0.55503031199549
0.700569032793978,-0.363188860921763,-0.656171629055919
-0.0194874366644658,-0.105249515571587,0.62338986701044
-1.47218258715525,-1.09952641023728,0.601013114730163
-0.0654620497452171,-0.5231187101067,0.140088178771953
-0.658091978094367,-0.39570195596966,0.807139546203235
1.25481246505842,1.33407433859591,0.457699430457813
2.86136589554537,-1.95309647500881,-0.755048542240716
3.15944931902612,1.2607100853272,1.32583301960526
-0.697456572998714,-0.653481214239627,0.468268209290229
0.814339299174767,0.670555221066501,0.734714730216536
-3.02649356080619,1.50892579794262,-0.968557530511348
0.0422582384978705,0.156540217288993,-0.0699963544345575
0.230853884178639,0.257304866444735,0.39884575752816
1.09684598388239,0.494942401528444,1.01190813804584
-0.0748074460310982,0.20890139577453,-0.160792573030447
2.80101422311044,-1.21725888680199,-1.20400481641667
4.4815178840605,1.63855491962974,1.40670905615697
2.40427243488421,1.4991045104596,0.800072035426063
1.53506083945352,-1.39539549706533,-0.578679315411772
1.76037374709531,-0.668178975475567,-1.28558795192624
-0.855487156520536,-1.18669590201407,0.453506474376359
0.00215992343398488,0.642608181214594,0.0245486032185579
-0.49306984949241,-0.645473857385095,0.338164483496743
0.70611653815017,0.323564120294299,1.15356825912039
-0.32402218851978,-0.582940093933851,0.443366019460609
0.281376592800912,0.971339254304606,0.220741662714797
-0.481218907151364,-0.377000198374461,0.570146213466578
0.42320094988413,1.18921023862167,0.213528636975967
0.84266199319868,0.720498560341523,0.505486545686648
-0.486045876049202,-0.16595327796885,1.3727490637794
-0.680008075322873,-0.229745082047683,1.41091855560478
17.9054629740763,2.98089440784781,2.99357501505859
-0.983084509429802,-0.717542408961496,0.635130126997444
0.233615829003154,-1.53746684016256,-0.0826996827419782
1.5695953783865,1.02013429886016,0.697454447791854
-0.257333937731251,-0.483432512726734,0.432386801134009
-3.98631295920956,1.81604724572945,-1.07332365599676
12.6266032203922,-1.65922603173309,-3.77279172560942
0.793785639809828,0.256805708622309,1.34273367581291
3.98453145300319,1.25662326260214,1.64723665448331
3.40786475656462,0.935027189452037,1.79612314154316
-2.1112467371364,-1.03994186214018,1.08180225441882
2.58325180336056,-1.16340894204247,-1.10672741447483
0.273647780720672,-0.448513598712327,-0.0523280190909485
-0.0766996725991224,-0.0691367323916307,0.467554967535364
0.608109755330564,0.940565671494749,0.294690784949567
0.39622913453527,-1.14748920517017,-0.173998454809011
4.25472547834528,1.69783603286349,1.24296093235613
5.75767449469287,-2.2538016798278,-1.27196341110373
-0.0103628695757329,-0.36969553532289,0.216807403348955
0.200836185766126,-0.0807658233036622,-0.820759232557881
0.32139685651222,2.1878594382955,0.0800379078401632
-0.0676425222285081,-1.21743105644215,0.0611848701833264
-2.47837746250625,-0.591501439633361,2.01847610723636
4.45953107005584,1.36884823197967,1.67017910917371
5.33919904254659,2.38073915680049,1.13318491454227
10.9911526276136,-1.44125236149306,-3.72958848314976
-0.204962969278525,0.130991329849704,0.00875650106752847
0.595321400791298,0.616642927248802,0.462312619277016
0.0622906740300788,-0.101814317003368,-0.674445155649943
